Michael Anderson,Nicole Avenue,22,112,1999-06-29
Emma Leach,Strickland Ridge,51,10,2016-11-19
Curtis Bailey,Miller Crescent,35,57,2009-09-27
Kevin David II,Ariana Points,2,134,1942-08-20
Felicia Thomas,Matthew Island,17,51,1927-12-01
Amanda Washington,Liu Walks,14,40,1923-10-21
David Clayton,Blankenship Courts,5,32,1964-05-21
Angela Rodriguez,Ashley Crossroad,20,78,1988-04-14
Mario Pham,Brown Vista,35,143,1921-11-12
Jeanette Willis,Jane Pass,21,44,2006-02-16
Justin Bailey,Gregory Loaf,2,143,1974-06-12
Mr. Patrick Patterson,Meagan Plaza,57,67,2007-08-04
Alexander Bell,Rivera Turnpike,28,98,1958-04-05
Jessica Bryant,Pope Knoll,19,136,1926-08-29
Justin James,Emily Terrace,60,97,1931-02-13
Frederick Martinez,Dyer Ford,42,79,1955-04-11
Benjamin Walker,Hanson Lodge,5,10,1986-12-23
Chelsea Chandler,Justin Loaf,43,51,1933-12-28
Linda Costa,Martinez Meadow,33,32,1941-04-19
Andrea Frank,Esparza Points,36,61,1991-03-13
Steven Brown,Evans Mountains,59,57,2013-02-14
Debbie Everett MD,Dorothy Station,22,19,1937-02-09
Russell Harris,Morton Rest,7,49,1924-03-03
Jennifer Rivas,Garcia Locks,58,134,1977-09-09
Kimberly Martinez,Gary Square,35,10,1929-06-14
Marc Pham,Timothy Square,22,54,1995-03-27
Michele Dyer,Hays Junctions,10,77,1966-11-23
Kyle Carlson,John Spurs,37,133,1948-07-17
Kenneth Johnson,Seth Mews,36,112,2016-10-19
Christina Diaz,Heather Gardens,44,24,2005-02-06
Ashley Rose,Laura Course,58,48,2004-01-15
Derek Henderson,Cody Forest,15,25,1921-03-19
Lori Gutierrez,Flores Course,34,60,1954-06-13
Brendan Rocha,Cole Run,3,22,1995-02-15
John Gross,Brown Locks,53,125,2011-05-22
Ivan Bell,Nelson Harbors,4,45,2005-06-16
Karen Figueroa,Ruiz Place,11,50,1909-02-21
Matthew Figueroa,Douglas Lodge,39,73,1986-06-22
David Velez,Burgess Orchard,53,150,1944-09-27
Cristina Tanner,Daniel Wall,22,21,1949-03-06
Rebecca Vega,Delgado Gardens,32,18,1928-10-09
Kimberly Bell,Bobby Field,5,100,1918-09-13
Anthony Ramirez,Holmes Trail,14,57,1940-04-10
Keith Richards,Shaw Islands,27,101,1998-01-25
Christine Williams,Stewart Mission,45,17,1996-02-18
Sean Campbell,Sherry Mills,53,25,1928-07-19
Reginald Miller,Smith Turnpike,44,37,1909-08-19
Casey Lopez,Matthew Crescent,42,47,1959-02-05
Matthew Shaw,Brian Viaduct,43,102,2013-11-25
Roger Cook,Jeffrey View,29,48,1965-10-20
Julie Harrison,Heather Canyon,13,39,1955-10-28
Patrick Jones,Everett Crossroad,34,138,1951-06-29
Teresa James,Lindsay Garden,21,47,1983-08-22
Richard Burton,Russell Rue,59,87,1969-11-27
Sydney Malone,Payne Road,21,101,1952-01-08
Heather Harris,Teresa Tunnel,54,114,1909-11-21
Linda Moss,Jill Gateway,9,10,1971-08-18
Gina Murphy,Harris Alley,12,133,1932-10-10
Robin Clay,William Unions,44,129,1985-04-26
Manuel Mayer,Rebecca Highway,31,48,1997-04-23
Steven Robinson,Simmons Union,9,8,1930-09-05
Angela Harmon,Cox Estates,25,118,1964-05-31
John Martin,Clarke Unions,23,89,2011-12-21
Angelica James,Joshua Knolls,33,19,1933-01-06
Craig Mullen,Melissa Mountain,9,51,1986-11-23
Curtis Lewis,Jason Courts,44,78,1950-10-17
Adam Wood,Smith Forks,9,33,1934-05-21
Christopher Johnson,Thomas Shore,39,127,1975-02-25
Alexis Logan,Ryan Mall,25,141,2010-03-16
Danielle Lara,Taylor Path,12,21,1934-03-09
Katrina Herman,Robertson Lodge,18,30,2001-12-05
Angela Horne,Maurice Estates,54,28,1933-02-12
Stuart Mccarthy MD,Christopher Fall,3,56,2021-08-05
Brian Smith,Fernandez Flats,46,84,1966-12-30
Emily White,Lori Landing,32,77,1923-07-09
Dan Mann,Mcdonald Squares,2,145,1997-09-27
Brianna Ferguson,Kristen Via,39,104,2019-02-26
Kenneth Woods,Scott Harbors,26,25,2009-07-16
Tiffany Terry,Jennifer Lakes,44,134,2010-06-12
Heidi Russo,Cassandra Loop,4,91,1949-10-03
Michelle Stout,Jacobs Run,53,73,1970-09-23
Curtis Rhodes,Boone Junction,4,67,2017-04-30
Shelly Ortiz,Melissa Shores,60,87,1988-03-15
Amy Bryant,Lisa River,22,110,1983-09-12
Kara Mcintyre,Nguyen Skyway,11,81,2009-05-24
Allison Mitchell,Barajas Corners,46,83,1974-09-27
Maria Jackson,Katie Park,52,75,1917-03-10
Cindy Spencer,James Lake,38,140,1991-05-09
Mr. Christopher Hernandez,Adams Stream,50,133,1963-05-29
Johnny Elliott,Christine Avenue,26,100,1926-11-03
Frank Henson,Sandra Inlet,22,47,2016-10-27
Nicholas Weber,Savannah Unions,21,65,1953-01-09
Andrea Wood,Shelly Throughway,4,4,1961-06-08
Susan Guerrero,Kendra Falls,22,20,1915-05-17
Jessica Carter,Matthew Road,6,142,1928-01-03
Russell Rodriguez,Samuel Glens,3,54,2013-09-04
Chad Williams,Watts Road,43,82,1933-02-08
Justin Santiago,Cisneros Fall,48,134,1970-11-13
William House,Mcguire Springs,30,148,2013-04-25
Michael Gonzalez,Wallace Turnpike,27,137,1910-07-14
Frederick Smith,Devon Lane,30,57,1947-09-06
Justin Wallace,Timothy Drive,52,112,2019-07-28
Nicole Rogers,Darrell Mall,22,93,1936-06-18
Terry Lee,Johnny Plain,54,40,1996-04-24
Michael Bennett,Cole Glen,28,116,2010-03-27
Charles Hart,Kaitlyn Mission,33,70,1980-11-01
Michaela Clark,Douglas Summit,20,128,1929-02-04
Ashlee Perry,Johnson Turnpike,11,131,2013-12-29
Grace Rodriguez,Smith Motorway,12,69,2019-11-03
Joyce Mcintyre,John Groves,47,95,2004-05-27
Peter Vargas,Tanner Stream,10,130,2022-04-25
Mary Sanchez,Nicole Mountains,8,133,1953-03-16
Carl Hull,Michael Canyon,5,107,1999-09-27
William Garcia,Huynh Spurs,34,129,1930-06-26
Miranda Mcdonald,Ortiz Divide,20,75,1956-10-09
Wayne Martin,Thompson Mountain,9,38,1940-02-21
Michael Fuller,Jimmy Islands,47,115,1922-06-28
Clifford Ellis,Victor Shore,31,41,2020-12-10
Kenneth Thomas,Leslie Brook,44,95,1909-10-13
Angela Patel,Matthew Rapids,1,68,1965-08-10
Jeffrey Hernandez,Michael Forest,7,44,1999-07-11
Joanna Gregory,Ernest Ford,7,149,1930-07-01
Joseph Wyatt,Brenda Cove,27,83,1953-09-02
Heidi Perkins,Cynthia Port,6,67,1946-11-06
Christopher Garcia,Young Locks,43,19,1973-08-13
Jeffrey Thomas,Kyle Creek,25,73,1914-02-13
Anne Banks,Jacob Manors,25,39,1987-05-08
Donald Diaz,Baker Parks,60,128,2014-11-14
Christopher Gonzalez,Ashley Village,59,10,1925-09-29
David Hale,Braun Trail,33,106,2005-02-03
Ann Nelson,Harvey Cliff,35,123,2012-06-19
Kelly Sanchez,Erin Ridge,9,111,1951-10-16
Ashley Allen,Victor Rapids,52,87,1930-02-23
Jason Mcclain,Ross Square,38,102,2016-01-12
Darlene Taylor,Heath Forge,38,37,2018-08-12
Elizabeth Yang DDS,Jones Field,44,24,2022-05-05
Jesse Roth,Tanner Views,18,39,1943-12-18
Daniel Christensen,Christopher Street,12,135,1960-11-21
Julie Diaz,Weiss Centers,53,64,1923-07-10
Douglas Friedman,Andrews Islands,3,113,1913-05-18
Debra Cline,Gibson Trail,22,18,1992-10-25
Richard Morris,Jennifer Burgs,40,72,1919-11-28
Maria Wright,Allison Island,13,17,1915-10-05
Katherine Duarte,Gilbert Overpass,10,16,2009-05-24
Tara Conley,Dawn Prairie,16,86,2000-06-01
Alex Coleman,Patricia Plains,15,111,1956-08-23
Sean Phillips,Jacob Pines,12,27,1962-07-23
Dylan Meza,Jason Stravenue,19,147,1984-11-06
Ross Mendez,Reyes Ridges,1,56,1949-10-25
Deborah Hill,Brian Well,56,149,1972-05-13
Karina Mclaughlin,Joshua Parkway,50,24,1963-12-07
Joe Stone,Sparks Shore,19,95,1998-09-15
Penny Wise,Kurt Mount,56,120,1958-12-25
Felicia Vargas,Maldonado Burgs,46,30,1920-05-10
Marie Vang,Leon Walks,58,58,1951-03-13
Nicholas Tate,Wright Course,40,47,1973-07-23
John Mays,Raymond Station,10,112,1997-08-02
Joshua Tran,Johnson Fields,44,91,1910-09-17
Peter Montgomery DVM,Knight Pass,30,10,1981-04-12
Heather Stout,Kelley Valleys,52,122,1948-01-28
Adam Wright,Mclaughlin Station,28,28,1908-11-29
Heather Vargas MD,Sarah Hollow,9,24,1946-02-02
Louis Fischer,Robert Station,48,38,1959-05-26
Michael Werner,Stevens Garden,30,144,2015-01-30
Patrick Wade,Kevin Lake,10,62,1956-03-19
Fernando Thornton,George Street,3,5,1972-02-25
Tracy Cochran,Payne Locks,54,43,1949-06-10
Robert Fernandez,Stephanie Row,42,17,1971-01-16
Ryan Ali,Alyssa Summit,32,82,1910-05-27
Randy Flores,Rhodes Glens,7,134,1924-11-24
Carolyn Hughes,Dean River,29,29,1987-06-15
Ashley Flowers,Tammy Meadow,58,149,1975-12-26
Mrs. Lauren Allen,James Well,18,126,1991-10-16
Anthony Hopkins,Hoffman Station,2,108,2001-05-28
Laura Cabrera,Haynes Garden,11,137,1913-06-29
Stephanie Johnson,Stewart Trail,24,6,2003-12-17
Steven Chase,Ware Ville,7,63,1947-03-30
Billy Kim,Gates Plaza,9,32,2001-05-31
Lisa Rodriguez,Michaela Plains,5,4,2010-03-26
Whitney Colon,Kevin View,56,46,1927-08-15
Kimberly Vargas,Heidi Rapid,10,93,1918-07-25
Sandra Bennett,Marcus Estates,15,76,2014-06-07
Lisa Hicks,Frank Key,55,52,2003-10-10
Daniel Myers,Moreno Brooks,28,123,2002-12-14
Daniel Owen,Wayne Camp,56,5,1970-10-28
Denise Robertson,Alicia Cliff,59,103,1935-09-07
Kimberly Harris,Eric Heights,22,8,1991-09-16
Sarah Davis,Justin Divide,51,53,1970-01-01
Angela Holden,David Shoal,32,59,1994-01-03
Dennis Martinez,Debra Extensions,7,87,1970-12-28
Kayla Thomas,Anthony Ports,22,79,1989-04-01
Mr. Walter Lewis MD,Chapman Road,14,46,1950-05-10
Christopher Gonzalez,Vargas Estates,3,85,2002-04-07
Dr. Beth Ross,Cooper Lodge,17,38,1944-08-18
James Freeman,Sydney Freeway,39,32,1999-09-10
James Williams,Kristopher Isle,46,124,1996-02-09
Dana Mcknight,Delacruz Courts,55,46,1967-12-26
Austin Davis,Melissa River,11,119,1971-07-26
Emily Haas,Walker Way,58,5,1960-12-27
Valerie Mccarty,Timothy Course,55,70,1941-05-05
Kevin Jenkins,Willis Heights,37,15,1977-05-25
Michelle Drake,Adam Vista,19,115,2020-08-19
Benjamin Burns,Willis Ford,8,76,2010-08-20
Justin Hartman,Allen Spurs,58,136,1938-05-24
Kathy Ward,Allison Lake,36,10,1975-01-06
Tami Gray,Butler Ramp,43,72,1937-02-21
Katie Hanna,Wiggins Rapids,3,120,1910-09-05
Mark Ramirez,Stewart Trace,9,7,2001-01-10
John Powell,Horn Greens,35,4,1928-10-22
Brandon Kim,Richard Hill,34,114,1941-03-31
Jacob Bush,Charles Roads,30,13,1993-01-17
Gregory Bond,Singleton Station,45,12,1919-07-28
Ann West,Gonzales Common,4,5,1925-07-15
Charles Juarez,Little Forest,13,111,1997-02-12
Shelley Jordan,Jessica Fork,59,48,1993-07-20
Aaron Greene,Jason Rapids,21,56,2022-09-06
Patricia Juarez,Kelly Union,8,126,1924-08-22
Thomas Murillo,Arthur Mountains,54,140,1931-05-06
Carl Cisneros,Gardner Springs,2,139,2008-04-26
Samuel Manning,Durham Hills,2,52,1940-08-20
James Watson,Hinton Summit,56,146,1936-01-31
Nancy Vasquez,Michael Expressway,51,143,2002-01-03
Michael Frey,Bradley Port,34,38,1998-04-27
Samantha Morales,Lindsay Avenue,45,114,1946-07-26
Dustin Colon,Benjamin Overpass,22,148,1913-05-07
Jordan Powers,Morton Run,26,140,1982-12-07
Tara Martinez,Tyler Locks,49,16,1954-10-05
Shannon Fuller,Gregory Greens,32,46,2000-08-29
Andrea Erickson,William Wall,11,44,2016-05-06
Miss Bonnie Reed,Matthews Ranch,27,137,1962-09-03
Jillian Villa,Osborne Cliff,27,5,1955-08-29
Dawn Kim,Kenneth Flat,25,142,1939-09-02
Kimberly Williams,Nelson Keys,18,124,1960-12-22
Richard White,Christopher Isle,20,126,1963-08-30
Brandon Johnson,Brett Mission,1,81,1962-10-05
Samuel Wright,Rice Stream,24,21,1979-03-11
Ricky Elliott,Curtis Mountain,14,119,1918-12-31
Brandy Lawrence,Anderson Wells,47,56,1966-03-20
Bianca Walton,Evans Summit,26,15,1940-12-16
Brandon Kim,Jennifer Field,34,96,1910-04-20
Alexander Davis PhD,Audrey Mews,25,17,2018-03-10
Karen Harmon,Steven Path,29,12,1913-05-13
Crystal Garcia,Jennifer Crest,22,120,1981-07-13
Alicia Williams,Anthony Canyon,17,70,1922-12-30
Bradley Wilson,Michael Shoals,37,125,2002-02-08
Scott Matthews,Krueger Viaduct,39,58,2005-05-29
Heidi Shepherd,Reed Forges,34,141,1956-08-03
Lauren Smith,Tony Shore,48,29,1982-09-20
Cory Evans,John Gardens,36,116,1915-05-28
Michael Conley,Hill Shores,40,123,1946-09-05
Kelly Turner,Lopez Dale,32,145,1994-02-22
Anne Lawrence,Michael Land,3,74,1983-06-03
Amy Jones,Taylor Pass,41,9,1934-01-10
John Watts,Chandler Corner,50,137,1986-12-19
Jason Johnson,Nathan Well,4,133,1967-01-12
Lisa Moreno,Christensen Run,42,44,2013-01-10
Angela Gibson,Martin Rapids,1,114,1951-07-01
Elizabeth Harris,Stewart Viaduct,25,95,1924-11-18
Dr. Amy Nguyen,Kelly Street,9,85,1952-11-28
Michael Singh,Pope Mills,49,74,1981-03-24
Katelyn Chambers,Lopez Loaf,23,100,1971-04-14
Sarah Lawrence,Thomas Brooks,25,129,2022-05-08
Martin Lewis,Morris Via,26,73,1932-03-19
Leah Fields,Brenda Pines,53,123,1911-06-12
Crystal Boyle,Dawn Roads,27,138,2013-05-26
Jacqueline Davis,Shannon Stravenue,1,42,1976-08-12
Rebecca Butler,Guzman Lake,38,150,2014-10-15
Michelle King,Kevin Village,7,149,1971-05-07
Patricia Jordan,Harris Skyway,3,4,1929-07-22
William Casey,Jeffery Cove,15,31,2015-07-06
Benjamin Mueller,Downs Forks,18,126,2011-08-26
Jessica Watts,Sarah Green,49,4,2009-04-06
Tracey Robinson,Bowen Ferry,37,78,1980-05-26
Angela Mccormick,Scott Locks,4,79,1957-09-15
Michelle Hanson,Kevin Ways,50,15,1989-07-15
Mark Cox,Hunt Forks,28,44,2014-05-03
Peter Brewer,Mary Trail,6,146,1943-02-17
Matthew Howard,Amanda Burgs,40,9,1986-09-16
Roger Brown,Weaver Summit,22,107,1979-10-23
Victor Johnson,Krista Knoll,10,127,1995-11-18
Mr. James Goodman,Reilly Hill,55,141,1951-01-06
Jeffrey Saunders,James Hill,31,1,1988-11-23
Scott Henry,Hernandez Route,14,35,2011-08-02
Marvin Long,Larson Spur,6,89,1975-09-21
Melissa Norton,Molina Overpass,7,74,1998-03-31
Brad Lucas,Howe Track,1,144,1954-10-10
Matthew Browning,Hogan Vista,1,84,1999-10-15
Alexander Ware,Anthony Knoll,24,75,1927-12-05
Taylor West,Mason Garden,35,140,1943-03-24
Robert Cherry,Shawn Forges,5,121,1945-04-05
Kristi Mercer,Miller Square,53,42,1924-11-24
Ethan Berry,Salazar Fords,14,73,1944-11-23
Charles Fisher,Fritz Islands,1,51,1980-07-06
Tara Tucker,Amber Walk,37,43,1992-02-12
Jerome Hill,Christopher Run,28,139,1986-01-25
Jonathon Ramos,Smith Junction,54,53,1988-12-06
Lance Tran,Peters River,45,60,1980-08-06
Michelle Brown,Miller Trail,34,26,1977-08-16
Justin Mason,Jodi Well,57,148,2006-11-18
Caitlyn Lopez,Walter Light,15,69,1933-12-24
Michael Boyd,Laura Meadows,55,42,1967-06-04
Deanna Potts DVM,Melissa Island,1,139,1983-09-25
Ellen Black,Amanda Brooks,40,124,1941-07-04
Lisa Mcclain,Greer Mission,13,41,1976-03-05
Cathy Green MD,Jennifer Radial,48,47,2004-08-23
Michael Brown,Waters Causeway,53,96,2002-04-02
William Goodwin,Jessica Fork,28,129,1962-03-11
Taylor Davis,Jacobs Walk,53,56,1919-07-20
Sarah House,Patrick Centers,34,82,1993-02-18
Timothy Johnson,Williams Trace,3,109,1985-02-13
Monique Brown DVM,Lindsey Village,60,26,1983-10-28
Brian Bell,Oconnor Islands,18,8,1986-01-10
Lydia Stewart,Cynthia Brooks,41,144,1927-01-28
Ann Phelps,Joanne Mountains,43,71,2020-04-23
Donald Gardner,Wilson Parkway,51,102,1959-09-27
Michael Jones,Cindy Divide,18,18,1949-08-04
Linda Salazar,Miller Shores,43,79,1960-09-04
Mark Garrett,Anna Run,12,43,1947-07-03
Justin Hansen,Nicholas Mountain,56,95,2017-04-24
Lisa Stone,Jasmine Lock,46,141,1950-06-23
Charles Miller,Wright Locks,46,132,1955-03-03
Brandon Ortiz MD,Mcdowell Spur,2,113,1976-09-19
Brian Walker,Snow Keys,5,106,2014-12-12
Sandra Collins,Michael Route,12,41,2013-02-13
Daisy Coleman,Anna Grove,36,39,1967-11-01
Regina Lopez,Samuel Roads,5,116,2011-11-30
Kelly Phillips,Laurie Gateway,27,132,1992-02-17
Toni Martin,Sabrina Burgs,57,119,2019-08-13
Terry Elliott,Michael Forges,4,44,1995-05-01
Debra Taylor,Andrew Spur,28,105,1951-04-19
Rachel George,Howe Ways,13,36,1913-11-24
Margaret Bird,Jeffrey Falls,25,21,2009-11-12
Daniel Hess,Sierra Knolls,47,41,2009-03-22
Christine Dominguez,Clark Spur,5,130,1920-06-22
Crystal Carrillo,Benjamin Shoals,36,60,1922-05-02
Nicholas Henson,Brett Oval,25,28,1939-07-09
Elizabeth Watkins,Phillip Parkways,27,37,1912-05-28
Patrick Gray,Tracy Gardens,19,75,1923-06-07
Jeff Henry,Huynh Greens,38,87,1936-09-02
Louis Gregory,Booth Loaf,11,55,2020-11-08
Elijah Turner,Collier Loaf,52,129,2022-05-04
Steven Nichols,Tiffany Squares,46,129,1947-10-21
Keith Holmes,John Crossing,2,89,1977-01-14
Donna Wright,Townsend Grove,28,58,1971-12-12
Anna Adams,Carol Plaza,1,65,1982-10-14
Briana Macdonald,Travis Keys,33,148,1957-08-17
Donna Jackson,Chen Ford,53,53,2007-04-01
Mrs. Cynthia Kim,Christopher Garden,42,81,1948-12-14
Joyce Gonzales,Richard Drive,53,118,1941-01-07
Andrew Miller,Shari Keys,56,31,1960-03-26
Dakota Francis,Stephanie Knoll,19,20,1993-03-13
Misty Campbell,Heather Wall,41,145,1960-01-31
Stephanie Ramos,Leroy Glen,43,18,2018-03-03
Steve Long,Hernandez Inlet,53,103,1999-03-27
Karen Sullivan,Freeman Ville,60,98,1999-03-19
Michael Howard,Burns Viaduct,34,103,1956-02-29
Tyler Gray,Kenneth Spurs,11,139,1965-12-20
Michelle Schaefer,Gardner Shore,1,96,1957-02-06
Jose Stevenson,Daniel Drive,29,70,2018-02-02
Michael Vasquez,Paige Ridges,21,42,2012-10-26
Meagan Le,Kevin Tunnel,31,107,1926-09-06
Ashley Shannon,Reynolds Knoll,3,136,1944-06-12
Christopher Stephens,William Points,33,72,1933-05-12
Jacob Lee,Acosta Bridge,18,139,1984-12-23
Brandon Turner,Bond Hill,14,93,1962-11-09
Jessica Shah,Bates Mews,57,62,2009-11-20
Dominic Munoz,Jonathan Path,6,126,1989-12-07
Heather Mata,Ronald Groves,3,91,1924-05-07
Jennifer Johnson,Mary Bridge,10,55,1988-06-02
Joshua Scott,Watson Court,17,111,2011-09-20
Kevin Davis,Cynthia Harbors,51,29,1961-11-12
Cheyenne Jones,Baldwin Spurs,11,24,1908-07-09
Karla Marshall,Matthews Dam,19,63,1967-06-12
Matthew Haas,Clay Locks,42,97,2018-12-10
Susan Moyer,Nash Land,22,36,1943-05-21
Jennifer Gonzalez,Dickson Rapids,53,149,1932-10-30
Brittany Johnson,Vasquez Isle,42,5,2001-12-30
Margaret Jones,Michael Lane,39,43,1929-05-30
Mark Harris,Scott Stream,60,118,2014-10-29
Jason Cox,Anne Mall,38,100,2012-07-02
Deborah White PhD,Morris Mountains,16,139,1944-04-30
Deborah Curtis,Jerry Isle,12,61,1957-01-28
Joseph Murray,Amanda Points,19,86,1997-08-24
Bill Brady,Samantha Rapids,51,129,1910-10-22
Travis Thompson,Samuel Trafficway,47,91,1912-04-20
Ralph Sims,Jones Crossroad,26,94,1915-11-28
Joshua Williams,Barry Cliffs,48,64,1922-05-26
Martin Smith,Angela Ports,59,40,1934-04-29
Randall Charles,Hale Fork,40,120,2014-02-10
Mia Peterson MD,Hale Courts,47,96,1990-11-04
Michael Cook,Gary Squares,50,23,1932-02-27
Monica Rice,Alejandra Brooks,4,9,1919-08-22
Stacy Tate,Ashley Trail,11,73,1993-02-01
Laura Robbins,Christopher Stravenue,6,17,1940-07-27
Evelyn Montoya MD,Christopher Crossroad,30,90,1972-08-14
Kenneth Hawkins,Kevin Well,44,35,1949-12-25
Brandon Salinas,Bishop Groves,21,2,1933-11-30
Jay Mathews,Andrew Plaza,44,28,2005-02-28
Jesse Weeks,David Street,22,77,1922-12-15
Connie Reid,Amanda Fords,6,39,1949-01-31
William Benton,Robert Burg,34,37,1971-01-02
Kevin Villanueva,Lisa Walk,26,115,1996-09-06
Marissa Cline,Hendrix Oval,47,135,1999-03-30
Michelle Dillon,Jay Radial,41,148,1984-05-23
Raymond Mcbride Jr.,Vincent Rapids,18,62,1968-09-05
Mark Joseph,Smith Fields,11,132,1924-01-18
Michael Young,Krystal Crescent,34,95,2023-09-18
Kimberly Lopez,Mckinney Port,44,65,1994-05-18
Amy Thomas,John Crossroad,55,106,1972-07-03
Timothy Mcdonald,Tammy Rue,15,50,1986-04-04
Maria Jensen,Tim Mountains,3,54,1955-02-02
Brandon Matthews,Bailey Meadows,42,109,1910-03-02
Jane Phillips,Harris Crossroad,47,103,1928-01-05
Andrew House,Joseph Fort,20,53,1965-01-02
Justin Sharp,Bryan Course,7,12,2019-08-09
Douglas Santos,Morales Harbors,29,34,1971-10-06
Ashley Daniels,Dawn Courts,40,48,1985-04-13
Maxwell White,David Lights,7,30,1970-01-18
Kimberly Diaz,Ramirez Ports,54,133,2018-03-23
Daniel Choi,Julie Shores,59,40,1935-02-03
Gabrielle Cline,Joseph Course,52,17,1928-04-17
Tiffany Coleman,Adams Street,18,30,1960-11-01
Travis Evans,Tanner Unions,8,36,2009-06-25
Timothy Floyd,Jones Cliffs,24,110,2020-01-17
Steven Porter,Thompson Plaza,9,2,1996-10-31
Lucas Carson,Ramos Cliffs,34,13,1977-09-05
Betty Wilson,Wright Branch,32,142,1918-01-29
Jacqueline Dixon,Brandon Dam,14,5,1966-03-02
Lauren Mercer,James Stream,12,59,1921-03-10
Paige Norris,Robert Fall,45,96,1977-11-19
Jonathan Davis,Ortiz Meadows,30,19,2016-07-28
Victoria Lara PhD,Amanda Spur,4,1,1927-12-15
Katherine Maldonado,Abbott Circle,41,2,2018-11-08
Jeff Thompson,Rosario Port,17,4,1969-04-23
Martin Arnold,Kim Stream,9,30,1924-06-15
Margaret Wilson,Calderon Village,53,115,1965-09-19
Annette Oliver,Justin Curve,58,87,1948-12-15
Juan Boyd,John Point,49,88,1965-05-31
Jennifer Ramos,Mark Greens,40,68,1951-12-14
Erica Newman,Sandra Port,20,66,1919-11-05
Bryce Flores,Perez Lodge,25,38,1990-09-06
Jennifer Stone,Davis Street,44,4,1947-09-06
Gregory Hunter,White Village,60,9,2017-05-04
Nancy Richards,Hamilton Ford,37,98,1954-02-07
Angel Garcia,Smith Inlet,45,104,1981-03-11
Adam Hudson,Daniels Wall,36,98,1933-03-08
Matthew Stevens,Eric Harbor,17,99,1978-05-04
Patrick Hines,Matthew Rue,38,144,2011-06-19
Carol Bray,Rodriguez Bridge,38,150,1980-02-23
Renee Mcdonald,Kristina Village,60,82,1972-02-07
Stephanie Rogers,Rodriguez Vista,39,59,2012-07-30
James Valencia,Anthony Locks,45,125,1916-12-25
Natalie Harper,Kevin Overpass,34,68,1938-03-04
Mr. Robert Spencer,Smith Throughway,58,54,1953-12-28
Reginald Stevens,Martinez Trace,29,97,1965-09-15
Robert Davies MD,Williams Tunnel,32,104,2002-07-18
John Myers,Sarah Radial,28,136,2016-07-05
Joseph Carlson,Michelle Avenue,37,44,2019-07-09
Susan Mccarty,Flores Hollow,20,107,1960-11-03
David Hardy,David Unions,55,128,1991-05-29
Victoria Ware,Ward Rest,56,17,2013-03-31
Randy Taylor,Holmes Pines,23,88,1914-08-11
Karl Lindsey,Grant Landing,51,114,2019-03-26
Pamela Woods,David Springs,11,84,1974-03-04
Carl Clements,Eric Port,14,39,1940-01-09
Cody Mcclain,Jennifer Oval,58,98,1995-02-14
Christopher Barnes,Mindy Islands,16,148,1996-08-27
Luis Lawrence,Henson Mountains,56,27,1994-07-05
Anna Carter,Thompson Rue,53,8,1949-09-11
Raven Hall,Lowery Forks,30,44,1989-10-06
Pamela Key,Hayes Burgs,41,119,1919-11-24
Mary Allen,Christopher Overpass,23,105,1999-01-08
Nicole Clark,Pamela Manor,60,20,1939-03-05
Nicole Lucas,Patel Village,20,60,1966-02-11
Melanie Hutchinson PhD,Cox Village,57,137,1945-09-12
Lawrence Mann,Ellis Passage,40,149,1967-07-18
Kyle Crawford Jr.,Wilson Loaf,11,110,1945-04-01
Andrea Avery,Victor Plains,3,68,1982-02-03
David Gill,Stanton Port,60,60,1979-10-16
Christian Bennett,Jenny Station,30,19,1975-12-30
Samuel Coleman,Simmons Viaduct,36,87,2005-09-17
Louis Garrett,Jackson Road,55,133,1926-10-28
Abigail Estrada,Peters Meadows,39,26,1971-09-08
Pedro Reid,Brad Shores,49,1,2001-01-09
Kimberly Booth,Brad Common,40,72,1949-07-10
Lauren Pierce,Brian Roads,58,140,1965-09-09
Manuel Stone,Clark Burgs,33,65,1984-03-21
Claire Ayala,Wesley Terrace,50,103,1939-06-07
Micheal Phillips,Lutz Manor,57,97,1943-06-10
Brenda Sullivan,King Village,34,107,2008-10-26
Michael Webb,Pierce Path,11,93,1936-11-01
James Smith,Michael Highway,57,117,1912-10-05
Mary Henderson,Alexandra Stream,55,8,1981-01-06
Gabrielle Hayes,Jeffery Station,24,74,1952-07-10
Melinda Smith,Gregory Lodge,3,96,1988-12-02
Juan Thompson,Gallegos Knolls,9,91,1957-06-04
Lauren Nelson,Brittany Tunnel,21,65,1928-11-20
Michael Porter,Cannon Drive,53,102,1976-11-29
Craig Mullins,Caroline Falls,7,42,1960-05-02
Ricky Clark,Ball Estate,44,61,1930-04-10
Joseph Thompson,Holt Grove,15,60,1924-05-08
Preston Grimes,Joshua Forge,38,84,1931-03-07
Krystal Nichols,Helen Place,32,29,1965-03-29
Jason Pham,John Bypass,29,27,1926-01-19
Mr. Jeffery Price,Gutierrez Ranch,39,12,2002-04-02
Amy Duffy,Hobbs Villages,3,63,2006-09-23
Joseph Perkins,Griffith Pass,8,98,1988-06-21
Ronald Gonzalez,Shelton Route,46,47,1937-07-30
Bryce Reese,Terri Estate,57,95,2021-10-07
Christopher Morris,Taylor Bridge,43,144,1938-11-17
Diane Franklin,Rhonda Keys,41,126,1960-11-21
Thomas Mayo,Meghan Crest,27,139,1991-06-14
Melissa Lin,Kennedy Expressway,36,38,1963-05-25
Olivia Ortiz,George Estate,47,91,1971-03-31
Keith Torres,Phillips Causeway,43,74,1932-03-14
Charles Phillips,Gene Parkway,15,140,1908-06-17
Katherine Ferguson,Jennifer Meadows,51,11,2002-08-24
Edward Aguirre,Heidi Fort,21,135,1932-11-26
Pamela Lane,Pratt Way,35,50,1971-04-29
Lisa Prince,Theodore Valleys,6,4,1922-07-08
James Cohen,Cameron Plaza,45,48,1964-08-08
Jared Ray,Alvarez Loop,7,5,1960-04-01
Dr. Kiara Christian PhD,Wilson Gateway,15,48,1986-11-30
Anthony Cooper,Wade Neck,29,65,1971-01-06
Laura Meyer,Joanna Highway,5,68,1983-08-12
Paul Chapman,Jordan Square,7,25,2024-01-27
Brenda Ortiz,Lisa Prairie,60,136,1936-08-29
Joshua Nolan,Rodney Centers,7,58,1912-10-08
Destiny Martinez,Greene Square,19,69,2004-09-18
Mark Douglas,Melinda Light,15,143,1985-07-10
Alexander Rodriguez,Brian Way,25,72,1918-11-28
Amanda Bailey,Carpenter Pines,59,95,1999-11-05
Katherine Fowler,Williams Fords,21,74,1972-03-03
Andrew Lane,Jessica Extensions,11,40,1939-03-29
Kimberly King,Derek Unions,35,8,2004-04-09
Matthew Yoder,Hodges Courts,28,12,2017-11-16
Michelle Miller,William Island,49,137,2017-01-23
Karen Randall,James Ways,14,69,2000-04-12
Nathan Haynes,Guzman Village,8,139,1961-09-09
Derek Butler,Darius Prairie,44,61,1976-03-12
Jenna Lewis,Johnson Squares,60,88,2016-08-09
Matthew Morris,Timothy Meadows,29,73,1967-09-20
Juan Rodriguez,Christopher Ports,3,63,1921-06-26
James Freeman,Justin Branch,6,39,1971-03-03
Sandra Cox,Amanda Plains,40,138,1993-02-20
Angela Walker,Amanda Keys,24,47,2000-08-10
Jeffrey Martinez,Hansen Overpass,11,105,1989-03-30
Jonathan Yoder,Levy Rapid,35,78,2010-11-29
James Ballard,Torres Mountain,33,148,1985-03-18
Brian Phillips,Wayne Vista,53,75,1911-10-09
Emily Myers,Christina Mews,4,39,1971-11-10
Alexander Ortega,Rachel Corner,20,147,1998-03-13
Robert Marquez,Martinez Ford,19,29,2019-05-18
Shelley Guerrero,Michael Heights,7,79,1938-04-10
Jamie Moss,Levine Crest,8,132,2020-09-13
Eric Johnson,Brittany Row,9,35,1944-02-17
Joseph Porter,John Unions,46,53,1943-01-09
Theresa Little,Bond Isle,33,120,1925-12-02
Olivia Trevino,Tara Center,27,114,1910-05-13
Wendy Martinez,Green Brook,30,111,1917-04-09
Kelly Kirby,Ryan Parkway,46,139,1920-12-21
Lisa Gray,Hammond Track,60,107,2018-09-17
Aaron Peterson,Brian Crescent,16,62,1976-08-23
Timothy Anthony,Alexander Ville,24,114,1974-12-10
Caleb Anderson,Karen Ways,32,62,1969-04-16
David Rojas,Karen Passage,57,123,1953-05-28
Stephanie Hanna,Dennis Drive,34,95,1991-11-10
Frank Phillips,Heather Forges,56,7,1928-09-20
Cindy Rodriguez,Adam Mission,48,100,1975-02-18
Sharon Turner,Mary Crossing,47,141,2004-12-25
Vincent Ray,Mejia Valleys,1,14,1929-07-14
James Whitaker,Black Center,33,78,1909-09-10
Daniel Randolph,Stafford Islands,42,9,1915-05-08
Christina Hawkins,Richards Meadows,12,49,1926-04-25
Caitlin Le,Yates Bypass,28,60,1928-07-07
Gary Harris,Harrell Haven,28,82,2007-12-26
Brian Mason,Smith Parks,34,96,1964-01-13
Christie Johnson,Susan Bridge,7,133,1938-12-19
Michael Hall,Brown Divide,38,88,1942-08-06
Jessica Arnold,Snyder Trail,51,42,2004-07-30
Richard Powell,Wilkinson Neck,14,39,1949-08-22
Christopher Williams,Susan Port,53,86,2004-11-15
Nicholas Bush,Robert Field,9,138,1963-10-11
Ellen Perkins,Braun Station,54,87,1921-10-25
Cody Rhodes,Clay Viaduct,25,3,1991-04-09
Ricky Castro,Madison Lodge,38,63,1979-11-15
Christopher Peterson,Woodard Rapid,23,118,1936-01-27
Theresa Baker,Phillip Pine,9,35,1909-03-20
Deborah Watts,Henderson Way,29,132,1966-02-04
James Johnson,Walter Corner,11,81,1928-08-20
Jennifer Roberts,Jessica Lake,38,87,1949-05-12
Charles Hill,Antonio Pass,27,35,1980-06-17
Leslie Brown,Joshua Lights,10,54,2003-11-16
Richard Nguyen,Sanchez Trail,8,110,1919-10-01
Mark Fields,Jones Viaduct,57,75,1935-09-05
Melanie Brown,Amy Grove,50,17,1934-03-27
Gabriel Stephens,Angela Valley,20,20,2002-06-15
April Garza,Thompson Manor,15,62,2015-01-06
Laura Murray,Briggs Center,1,133,2005-09-17
Lisa Torres,Alvarez Spurs,52,34,1918-10-30
Nathaniel Sutton,Ortiz Garden,14,41,1917-12-31
Deborah Garcia,Douglas Trail,30,75,2009-01-20
Erin Fleming,Meghan Ford,41,35,1952-10-02
Daniel Williams,Nancy Shoals,23,4,1951-03-29
Kathy Snyder,Chandler Light,16,9,1921-12-02
Allison Cochran,Donaldson Mountains,31,67,1972-10-25
Stephanie Harris,Graham Road,3,144,2013-07-27
Kevin Reed,Garza Motorway,2,112,2004-04-11
Ashley Olson,Diaz Path,30,6,1996-06-09
Paul Shaw,Sydney Mission,60,102,1945-01-27
Evan George,Taylor Track,50,111,1958-12-21
Thomas Rocha,Colin Common,48,39,1931-03-15
Jessica Thompson,Justin Shore,5,19,1939-09-05
Amanda Medina,Beth Plaza,39,29,2016-01-28
Mary Dillon,Rebecca Port,33,68,1992-01-29
Robert Hoover,Hughes Bridge,30,108,1998-01-16
Paula Blankenship,Cheyenne Lights,22,116,1979-12-08
David Moore,Castillo Expressway,54,85,1918-03-02
Lorraine Pittman,Brian Lodge,59,88,2006-05-31
Jared Day,Landry Passage,60,117,2008-10-20
Brooke Roy,Cory Throughway,31,46,1920-01-01
Michael Morris,Corey Roads,54,68,2001-04-22
Adam Edwards,Jonathan Roads,51,114,1988-05-25
Scott Fitzgerald,Davis Mountains,27,124,1930-07-31
Patricia Davis,Wells Forks,16,112,1982-10-27
Jeanette Jordan,Michael Inlet,49,136,2009-09-22
Nicholas Henderson,Jessica Summit,47,5,1947-08-07
Todd Walker,Foster Squares,1,20,1999-08-19
Brenda Landry,John Ports,2,127,1956-08-12
Jennifer Chambers,Pearson Estate,6,77,1922-02-11
Nicole Stokes,May Garden,15,75,1974-09-09
Laura Mcdonald,Huffman Springs,14,43,2005-06-30
Seth Bradley,Thompson Fort,37,107,1910-01-14
Sharon Cooper,Johnson Heights,10,66,2006-12-01
Miranda Guzman,Brandon Spur,46,28,1964-08-31
Cody Hensley,Kaiser Turnpike,28,113,2020-04-24
Crystal Williams,Melissa Brooks,24,123,1930-09-04
Francisco Huerta,Carla Port,45,114,1984-12-25
Desiree Johnson,Thomas Union,36,78,2020-03-02
Anthony Davis,Vazquez Prairie,4,91,1959-04-06
Matthew Jacobs,Kevin Corners,21,89,2008-06-03
Cody Martinez,Lamb Run,21,138,1975-10-06
Jamie Torres,Rogers Shores,12,44,2020-02-06
Samantha Riggs,Taylor Lodge,10,131,1935-06-08
Jeremy Miller,Allen Meadow,30,39,1987-02-25
Danielle Barron,Sherry Harbors,36,139,1930-06-10
Derek Wilson,Mccarthy Mews,49,15,1990-06-10
Zachary Jones,Nicholas Fields,37,48,1935-04-25
Jaime Woods,Jeremy Forest,3,5,1960-09-20
Deanna Thompson,Williams Passage,28,38,1935-03-24
Cindy Thomas,Richard Course,37,38,1934-09-24
Christopher Wilson,Farmer Plains,30,84,1919-01-24
Keith Clark,Gardner Circle,31,110,1986-07-21
Michael Parks,Jeanne Ports,22,99,2023-07-01
Daniel Craig,Jeffrey Corner,24,63,1922-08-27
Vanessa Nichols,Dougherty Ville,12,91,1939-12-08
Chloe Hernandez,Yu Inlet,8,91,1986-10-03
Brian Dawson,Barton Street,42,39,1925-03-31
Carol Stein,Snyder Centers,60,81,1937-10-08
Christopher Marshall,Jeffery Green,54,21,1927-09-16
Matthew Armstrong,Martinez Points,30,74,1949-09-10
Jessica Johnson,John Garden,47,127,1917-06-29
Matthew Maldonado,Hernandez Extensions,39,21,1971-02-28
Heather Newman,Burke Mountain,58,133,1976-03-29
Christopher Herman,Samuel Plain,14,48,1970-11-30
Mr. Tony Stevens MD,Jerry Corner,22,75,2018-05-21
Timothy Scott,Heidi Freeway,42,25,2007-01-13
Lauren Parker,Zachary Roads,35,5,1921-10-25
Connor Barr,Jamie Village,8,134,2012-03-02
Robert Curtis,Alec Ville,50,21,1941-01-23
Briana Gutierrez,Fields Way,44,19,1913-01-03
Scott Bell,Maria Fork,22,102,1997-05-14
Dr. Sean Montoya,Duane Falls,16,71,2015-12-30
Brent Thompson,Christopher Courts,5,144,1960-09-21
Phillip Hudson,Calderon Avenue,16,4,1943-10-05
Donna Lopez,Melanie River,9,81,1991-11-05
Philip Fowler,Abigail Branch,17,98,1994-02-16
Leslie Robinson,Hernandez Station,40,114,1990-02-08
Glenn Lynch,Emily Brooks,37,70,1997-02-26
Melissa Rodriguez,Browning Way,9,29,1938-06-20
Terry Villegas,Paul Forge,42,128,1951-09-29
Corey Bullock,Cassandra Square,31,55,2012-05-12
Kevin Stewart,Lee Parks,44,7,1977-02-16
Jennifer Price,Dean Fork,47,1,1971-04-03
Darrell Newton,Peter Radial,25,73,1954-12-25
Jake Williams,Tiffany Route,42,117,2018-11-26
Jeffrey Joseph,White Mills,49,45,1952-04-10
Matthew Cervantes,Brandon Glen,47,44,1948-09-17
Megan Watkins,Lester Prairie,3,114,1923-08-17
Diana Atkinson,Hensley Lodge,35,98,2005-11-06
Dr. Jon Jimenez,Schultz Via,9,122,1939-11-15
Olivia Francis,Seth Isle,55,58,1918-07-28
Tiffany Cole,Wendy Groves,60,65,1949-07-18
Casey Hebert,Deanna Landing,20,122,2005-06-28
Carlos Stewart,Bell Harbors,40,119,1926-04-05
Michael Mendoza,Ballard Plains,51,67,1959-06-09
Rebecca Rodgers,Woods Ways,42,144,1939-01-27
Adam Fisher,Graham Square,52,121,1921-10-25
Eric Matthews,Christopher Knolls,9,127,1952-04-24
Stephanie Ramirez,Tyler Turnpike,18,92,1993-12-31
Keith Curtis,Sanchez Orchard,6,57,2008-09-22
Bailey Schultz,Evelyn Key,23,2,1992-06-10
Lauren Anderson,Adams Spur,51,131,2016-07-19
Jacob Bradley,Webb Hill,39,11,1943-10-16
Zachary Hartman,Webb Union,59,134,1917-12-03
Brian Ingram,Michael Flat,1,6,1917-05-08
Deborah George,Chris Trail,51,86,1914-07-14
Daniel Owens,Green Brook,10,35,1921-06-24
Mark Schultz,Martin Parkway,43,68,1963-12-31
Brian Nguyen,Miller Prairie,42,8,1998-12-05
Charles Carroll,Kristin Shores,59,114,1925-05-08
Paul Compton,Mary Route,39,4,1998-05-18
Alyssa Chang,Tracy Walks,49,94,1909-03-13
William Ruiz,Hall Way,52,28,1938-02-09
Joseph Watts,Martinez Wall,50,88,1949-04-25
Michelle Chen,John Mountains,53,81,1996-08-04
Shannon Page MD,Myers Meadow,31,102,1931-08-03
Peter Hardy,Johnson Creek,52,20,1954-06-27
Susan Harris,Nathan Via,3,20,1943-11-10
Audrey Smith,Sullivan Gardens,49,118,1920-01-20
Matthew Hernandez,Clark Cove,57,148,1936-05-22
Sarah Patrick,Matthew Springs,3,6,2021-07-31
Jonathan Miller,Baker Street,36,30,1941-04-22
Cynthia Villanueva,Tucker Knoll,31,99,2015-04-02
Mary Beck,Smith Fords,41,140,1925-12-09
Oscar Howard,Jackson Underpass,58,101,1977-09-03
William Evans,Delacruz Corners,41,139,1973-09-04
Robert Mcclure,Miller Landing,8,98,1959-01-07
Stacy Valentine,Clark Plains,56,76,1929-04-21
Vincent Callahan,Rebecca Street,26,108,1990-09-02
Alexandra Thompson,Ford Lakes,11,60,1943-04-16
Brenda Horne,Jeffrey Run,3,126,1921-03-04
John Duran,Marissa Fields,19,70,1959-08-04
Brittany Baker,Rhodes Stravenue,28,24,2021-03-16
Amanda White,Thompson Island,4,42,2005-01-28
Michael Clark,Stephanie Divide,5,9,1955-12-31
Heidi Harrington,Peterson Landing,14,24,1952-08-18
Courtney Nichols,Alexandra Course,1,61,2005-09-06
Kevin Graham,Walker Shores,20,114,2007-08-30
Drew Sanchez,Moses Walks,28,22,1922-04-23
Jamie Ward,Thomas Ways,55,60,1916-03-15
Cindy Kelly,Joseph Centers,20,68,1935-07-14
Todd Navarro,Potts Ports,8,94,1950-01-29
Sarah Harper,Roberts Loaf,47,103,1967-05-28
Joshua Grant,Dixon Branch,49,135,1921-01-23
Susan Walker,Thomas Land,38,27,2015-07-16
Travis Rich,Sarah Fort,43,11,1996-02-12
Karen Meyer,Gonzalez Radial,11,124,1997-01-30
Adam Robinson,Tucker Manor,51,29,1922-05-27
Maria Ballard,Victoria Village,60,122,2017-09-11
Elizabeth Flynn,Donald Street,32,12,1989-05-10
Kelly Dean,Stevens Square,45,136,1939-06-16
Meagan Wagner,Underwood Roads,22,25,1963-03-26
Danielle Burke,Natasha Shoals,40,120,2009-04-11
Kelly Bryan,Anderson Greens,54,37,1935-03-02
Michelle Hansen,Thomas Union,55,80,1970-11-29
Dr. Patrick Richards Jr.,Ball Meadows,15,54,1992-01-25
Sarah Ortiz,Perkins Orchard,21,115,1986-09-04
Sean Butler,Kerry Shoal,21,30,1977-06-06
Sarah Willis,Cook Stream,4,50,1944-07-11
Betty Bush,David Gateway,14,69,1977-06-14
Jennifer Graham,Poole Parkways,39,109,2018-05-04
Wayne Mccormick,Kelley Spur,11,27,2024-01-24
Karen Rodgers,Smith Fall,32,42,1917-11-02
Amanda Holmes,Lori Via,17,29,1966-08-23
Renee Walker,Scott Ramp,57,103,1917-02-06
Angelica Good,Knapp Ferry,44,43,1970-12-01
Mary Neal,Stafford Lock,57,13,1986-02-01
Barry Ruiz,Vickie Isle,38,76,2012-09-21
Dr. Ashley Myers DVM,Deborah Trail,8,134,1920-11-03
Lisa Lynch,Lee Burg,20,16,1909-06-30
Wayne Morales,Green Terrace,10,107,1976-11-20
Michelle Woods,White Lock,35,139,2022-10-26
Janet Mcintyre,Santos Crossroad,36,133,2015-12-05
Michael Collier,Brian Mill,28,141,1915-02-16
Gabriella Miller,Wells Valleys,31,124,1911-01-13
Catherine Schmitt,Harold Freeway,59,17,2015-09-25
Thomas Rodriguez,John Freeway,57,116,2020-03-30
Sarah Brewer,Laura Lights,38,53,1958-02-11
Gary Ward,Courtney Isle,36,57,2017-01-02
Samuel Meadows,Murillo Oval,20,20,1942-10-08
Todd Ward,Adam Mission,41,48,1984-02-02
Alex Davis,Boyd Mills,58,84,1991-11-28
Claire Hatfield,Foster Roads,18,4,1958-07-22
Tammy Thompson MD,Caitlin Prairie,41,86,1923-03-26
Joshua Porter,Kayla Manors,24,28,2020-11-23
Ruben Hicks,Rebecca Trace,4,121,1976-04-20
Phillip Jackson,Williams Route,21,131,1941-05-10
Eugene Barry,David Lakes,49,107,1935-02-17
Joseph Russo,Armstrong Roads,58,19,1934-10-13
Tonya Stout,Angela Highway,30,110,1974-01-22
Scott Perkins,Joshua Falls,38,72,1962-01-31
Jennifer Lewis,Taylor Locks,38,76,1943-09-07
Julie Davis,Nicholas Islands,25,63,1955-09-17
Kristin Vazquez,Ramos Brook,3,19,1970-08-21
Adam Tran,Holloway Place,47,114,1944-01-28
Madeline Brown,Coleman Ferry,12,126,1947-11-19
Glen Thompson,Mueller Junction,58,57,2016-07-10
Caleb Mercado,Adam Walk,35,21,1949-11-15
Lisa Goodwin,Miller Plains,3,65,1950-08-06
Rebekah Baker,Drake Pines,36,3,1938-03-03
Daniel Brown,Gray Fork,41,65,2001-12-28
Chelsea Jackson,Martinez Oval,53,88,1917-07-08
Linda Baxter,Gonzalez Stream,22,132,2004-05-30
Robin Larson,Mary Walk,32,33,1925-02-19
James Jones,Jill Locks,5,106,2023-08-01
James Phillips,Sharon Ports,11,40,2015-10-17
Brittany King,Todd Dam,13,97,1971-07-09
Ernest Gould,Kimberly Spring,39,75,1915-10-10
Mr. John Coffey,Norman Springs,21,135,1966-05-24
Jon Mitchell,Reed Corner,36,114,1960-12-12
Ian Alexander,Brooke Roads,41,115,1926-01-26
Dr. Joseph Ramirez,Bush Inlet,8,110,1930-06-26
Isabella Cooper,Crystal Garden,56,81,1960-02-14
Robert Schneider MD,Gary Extensions,5,78,1942-04-29
Alexander Mcclain,Miranda Lock,13,75,2003-10-20
Sabrina Nicholson,Anderson Brooks,12,63,1968-06-20
Maria Duncan,Kelli Mountains,15,58,1986-06-15
Jordan Harris,Christopher Vista,10,109,2011-07-02
Julie Pittman,Laura Crossroad,9,146,1971-11-27
Karen Padilla,Morris Crest,31,56,1998-12-12
Jeffrey Holmes,Tracy Villages,45,60,2015-11-14
Jason Maldonado,Darrell Village,42,13,1940-08-21
Adam Daniel,Nathan Parkway,17,131,1956-09-29
Kathleen Ellison,Victoria Trafficway,19,114,1959-07-13
Aaron Anderson,Christensen Branch,43,105,1909-01-25
Kayla Moore,Woods Expressway,40,51,1936-04-08
Matthew Ward,Daniel Trail,24,124,2000-02-18
Drew Smith,Williamson Radial,17,19,1955-09-24
Brenda Salas,Anderson Rue,5,59,1923-08-07
Lisa Bradley,Aguilar Fields,26,131,1954-03-10
Nathan Hughes,Stanley Drives,37,13,2008-12-05
Kyle Riley,Raymond Ferry,43,126,1998-09-24
Beth Figueroa,Thomas Inlet,46,140,1941-05-20
Francisco Price,Brown Circle,30,75,2015-04-07
Troy Collier,Rodriguez Brooks,48,146,1956-08-03
John Eaton,Lamb Overpass,21,63,1932-04-28
Martha Neal,Blanchard Plaza,53,14,1969-03-31
Kimberly Roberts,Barbara Circles,56,9,1923-10-30
Bryce Lowe,Patricia Squares,11,5,1951-10-29
Justin Jackson,Kathy Fork,33,110,1989-11-18
Brian Rhodes,Howard Wall,22,2,1929-01-21
Shawn Sullivan,Santos Land,11,42,1908-10-24
Dr. Sarah Cooper MD,Coleman Ridge,4,17,1920-08-17
William Harper,Foster Parks,32,54,1929-09-07
James Cain,Angelica Islands,21,7,1942-03-09
Robert James,Simpson Mountain,43,58,1979-01-14
Laura Turner,Stevens Wall,23,49,2009-01-09
Diana Pierce,Lawson Way,35,146,1972-09-22
Christina Gray,Guerrero Meadow,4,16,1928-05-26
Johnny Rose,Johnson Prairie,17,147,2021-08-21
Laura Golden,Allison Centers,19,28,1994-05-03
Andrew Black,Rodriguez Flat,57,93,1979-05-26
Jeff Page,April Plaza,11,147,1925-01-01
Jennifer Williams,Derrick Lakes,60,100,1936-12-14
Matthew Young,Coleman Pass,32,72,1909-01-07
John Harris,Paul Radial,20,55,1964-10-09
Brandy Foster,John Parkways,27,137,1925-04-22
Kenneth Rodriguez,Miller Mill,48,3,2000-05-08
Mark Gregory,Moore Spring,2,52,1941-11-14
Glen Goodwin,Robles Trace,6,75,2010-02-10
Jimmy Torres,Anderson Flats,24,67,1999-10-18
Richard Salas,Brian Club,24,74,1934-12-31
Tyler Cruz,Chambers Fork,1,66,1961-12-09
Steven Young,Valerie Prairie,3,22,1924-04-20
Tracy Blake,Amanda Island,19,109,1995-08-22
Jose Weber,Johnson Tunnel,25,105,1928-02-02
Pamela Vasquez,Smith Extension,49,80,1988-03-28
Lisa Baker,Ortiz Hollow,34,29,1981-05-23
Jessica Rich,Willis Drive,37,64,1963-06-04
Paul Spencer,Sarah Mountains,33,118,1949-08-01
Peter Williams,Carter Lane,3,95,1915-05-11
William Lee,Angela Port,58,43,1921-01-25
Jillian Jones,Williams Ridge,34,66,2007-09-12
Ashley Pollard,Joseph Port,43,121,1985-11-13
Cynthia Butler,Williams Station,38,136,1966-12-16
Jack Anderson,Vanessa Isle,48,77,1989-05-03
Kevin Gardner,Alexander Alley,5,132,1941-04-14
Tyler Higgins,Carol Isle,18,20,1952-11-13
Rebecca Benson,Marshall Shore,35,141,1973-10-08
Allison Carroll,Smith Drives,11,92,1914-10-04
Ethan Collins,Nicholas Shores,58,148,1911-05-30
Elijah Harris,White Harbors,16,93,1933-05-19
Adam Mckinney,Bell Track,14,7,2019-03-25
James Buckley,Harris Course,46,92,2012-09-08
Kelly Brock,James Crossroad,16,94,2017-11-15
Rodney Norman,Ferguson Lakes,20,3,2023-07-06
Stephanie Ramirez,Price Ferry,51,26,1927-12-19
Cynthia Schmitt,Craig Crescent,15,138,2016-12-27
Christy Patel,Graham Wells,26,81,1976-01-12
Melissa Griffin,Bryant Parkway,45,127,2020-05-08
Jasmine Wright,Vincent Lodge,33,47,2020-03-12
Brian Case,Peters Isle,56,68,1940-10-26
Katherine Hernandez,Anna Trail,21,60,1941-02-12
Nathan Hayes,Christian Rest,23,71,1979-01-02
Tyler Baker,Christine Knolls,60,43,2008-11-21
Donald Clark,Curtis Springs,31,29,1938-06-23
Curtis Sanford,Cristina Station,31,116,1955-06-29
Tina Short,Dixon Mills,12,86,2017-04-20
Richard Peters,Michael Land,53,90,1980-02-14
Erin Garcia,Wright Court,21,89,1998-09-28
Harold Wilson,John Ferry,44,86,1999-01-30
Catherine Garcia,Warren Mount,54,62,1964-12-31
Meghan Anderson,Gallegos Wall,39,41,1938-05-20
Tanya Mendoza,Hammond Junctions,59,140,1939-10-28
Eric Donaldson,Audrey Mount,56,60,1961-02-17
Peggy Perez,Dominique Place,16,32,1991-11-01
Dr. Lauren Barrera,Bates Falls,3,116,1912-05-05
Javier Kirby,Webb Manor,57,98,1965-01-16
John Bennett,Daniel Pine,6,54,1992-10-28
Maria Mcintosh,Bryant Manor,3,59,1997-09-27
Cassandra Fletcher,Sullivan Shores,31,150,2000-07-28
Yvonne Harris,Burke Isle,51,84,1936-04-17
Alexander Bennett,Alan Crest,59,2,1974-09-16
David Weber,Acevedo Trafficway,29,87,1999-03-24
Susan Brooks,Romero Falls,7,14,1926-07-30
Catherine Silva,Holmes Oval,22,56,2003-07-10
Wendy Rodriguez,Jasmine Curve,1,58,1947-04-07
Jason Oconnor,Jeffrey Mall,59,64,1933-03-06
John Rivera,Brown Trail,56,60,1981-08-16
Jackie Gill,Kaufman Station,51,144,2013-04-20
Sarah Knight,Benjamin Parkway,40,65,1998-07-16
Daniel Shea,Patrick Ranch,51,91,1937-06-04
Louis Williams,Daugherty Branch,20,122,1944-08-28
Christine Hammond,Fields Center,60,142,1945-01-11
Paige Williams,Blake Shores,1,4,2003-03-23
Cesar Dorsey,Smith Mountain,19,106,1971-11-15
Dominique Hicks,Lindsey Fall,52,16,2014-11-28
Amy Madden,Sydney Prairie,18,64,1931-08-09
James Adams,Moore Mountain,24,106,1927-05-03
Alexandra Lopez,Kevin Heights,22,118,2009-09-05
Heather Davis,Gonzalez Ports,2,118,2009-03-08
Kyle Rocha,Morris Rapid,10,48,1950-10-03
Colleen Miller,Shields Gateway,21,121,2009-01-15
John Valencia,Rodriguez Locks,28,72,1994-01-28
Kimberly Bradley,Terry Lodge,47,24,1945-10-21
Gerald Haynes DDS,Jennifer Shoal,4,85,1930-10-13
Connie Rodriguez,Ortiz Coves,56,31,1913-09-04
Eric Mckee,Debra Highway,46,27,2018-06-24
Sara Martinez,Torres Green,6,119,1977-12-12
Julie Boyle,Michael Street,12,66,1947-07-29
Amy White,William Rapid,40,54,2001-06-24
Mrs. Meredith Kennedy,Santana Fields,4,83,2017-06-13
Anthony May,Andrew Forest,47,141,1967-01-27
Jennifer Wiggins,Samantha Skyway,1,106,1930-10-21
Cheryl Lloyd,Johnson Union,44,136,2020-12-28
Amanda Hill,Lopez Throughway,43,132,2013-03-09
Renee Booth,Randy Avenue,17,89,1947-02-12
Marvin Rollins,Tammy Fall,28,117,1916-08-07
Leslie Young,Stevens Locks,32,24,2019-07-15
Tammy Garza,Michael Port,45,89,1939-08-14
Carlos Jackson,Marshall Unions,43,85,1945-09-01
Jennifer Odonnell,Randolph Freeway,57,101,1936-02-09
Brian Berger,John Locks,26,67,2009-01-14
Kenneth Young,Elizabeth Plain,39,58,1988-10-26
Dalton Stephens,Kim Flats,15,144,1908-11-09
Stephen Decker,Anderson Haven,23,97,1908-07-11
Bruce Briggs,Buckley View,30,1,1920-07-17
Amanda Collins,Anita Road,6,109,1988-03-06
Jeff Hill,Linda Hollow,19,34,2009-01-24
Marissa Smith,Brandon Circles,16,48,1933-08-18
Elizabeth Cline,Lisa Park,30,86,1984-03-03
Barbara Olson,Darryl Cape,48,94,1934-08-21
Jennifer Johnson,Rodriguez Crest,7,60,1930-10-06
Kenneth Colon,Thompson Crescent,25,18,1939-09-29
Taylor Montgomery,Harmon Streets,29,43,1997-05-03
Kim Thomas,Turner Manors,13,67,1946-04-20
Chelsea Phillips MD,Gray Turnpike,41,123,1921-06-13
Randy Bernard,Michael Harbors,25,11,2004-07-07
Sheila Davis,Conway Shoals,34,137,2003-12-04
Steven Smith,Brian Mall,57,116,1988-01-11
Kevin Weber,Washington Lock,33,83,1997-05-20
Jade Smith,Moreno Pike,23,85,1968-07-20
Amanda Townsend,Foster Inlet,8,58,2010-04-27
Bryan Hall,Gonzalez Course,54,122,1908-07-02
Colin Jacobson,Linda Unions,34,106,1942-06-26
Robert Lopez,Serrano Centers,43,63,1952-03-13
Bryan Mitchell,Brandy Green,44,137,2000-11-10
Richard Jones,Christopher Skyway,51,87,1972-07-29
Brian Drake,Kelsey Radial,34,15,1981-08-19
Jaclyn English,Peters Tunnel,9,18,1946-07-23
Gary Clark,Johnson Stream,24,93,1928-01-15
Krystal Massey,Jones Island,7,137,1946-07-08
Melissa Morris,Jackie Manors,18,149,1970-06-26
Margaret Jacobs,Danny Glens,36,52,1976-06-28
Amber Jackson,Timothy Lodge,6,57,1991-10-29
Kylie Ramirez,Cathy Fall,21,85,1990-12-17
Christopher Bradley,Thomas Coves,30,145,1912-11-08
Tommy May,Michael Grove,55,115,1927-11-23
Timothy Newman,Martinez Tunnel,15,21,1973-09-03
Deanna Francis,Zachary Plain,38,16,1967-11-07
Joseph Clements,Carter Run,38,105,1982-05-02
Billy Peterson,Ashley Glens,60,122,2002-04-03
Francisco Watts,Joseph Roads,2,96,1975-02-21
Christina Hart,Angela Pine,26,137,1999-03-26
Alan Smith,Edward Way,46,101,1968-03-24
Heidi Thompson,Catherine Vista,30,82,2003-12-07
Anna Lloyd,Taylor Mills,43,75,1965-08-31
Traci Hart,Gregory Coves,27,121,1924-01-07
Kristin Kim,Kelsey Lock,35,77,1945-09-19
